{
    "@id": "99999-survival",
    "@type": "koio:KnowledgeObject",
    "identifier": "ark:/99999/survival",
    "version": "v1.0",
    "title": "Prediction",
    "contributors": "Kgrid Team",
    "description": "Example of Hep C Prediction using Boosting Model",
    "keywords": [
        "Survival",
        "Boosting",
        "R"
    ],
    "citations":[
      "https://journals.plos.org/plosone/article?id=10.1371/journal.pone.0208141"
    ],
    "hasServiceSpecification": "service.yaml",
    "hasPayload": "src/predict.R",
    "@context": [
        "http://kgrid.org/koio/contexts/knowledgeobject.jsonld"
    ]
}
